Return modeling,,,,,,,,,
Asset,100,,,,,,Time,Asset,Return
Drift,0.05,,,,,,0.00,100.00,
Volatility,0.25,,,,,,0.00,99.81,0.00
Timestep,0.0040,,,,,,0.01,100.40,0.01
Step ,2000,,,,,,0.01,100.16,0.00
Time,7.94,,,,,,0.02,101.02,0.01
,,,,,,,0.02,100.98,0.00
,,,,,,,0.02,100.57,0.00
,,,,,,,0.03,100.66,0.00
,,,,,,,0.03,101.31,0.01
,,,,,,,0.04,99.59,-0.02
,,,,,,,0.04,99.15,0.00
,,,,,,,0.04,101.00,0.02
,,,,,,,0.05,102.23,0.01
,,,,,,,0.05,98.64,-0.04
,,,,,,,0.06,96.75,-0.02
,,,,,,,0.06,94.05,-0.03
,,,,,,,0.06,91.18,-0.03
,,,,,,,0.07,89.31,-0.02
,,,,,,,0.07,89.62,0.00
,,,,,,,0.08,87.53,-0.02
,,,,,,,0.08,88.32,0.01
,,,,,,,0.08,85.94,-0.03
,,,,,,,0.09,85.30,-0.01
,,,,,,,0.09,83.37,-0.02
,,,,,,,0.10,83.84,0.01
,,,,,,,0.10,81.97,-0.02
,,,,,,,0.10,81.83,0.00
,,,,,,,0.11,80.68,-0.01
,,,,,,,0.11,80.43,0.00
,,,,,,,0.12,80.57,0.00
,,,,,,,0.12,80.71,0.00
,,,,,,,0.12,79.96,-0.01
,,,,,,,0.13,80.08,0.00
,,,,,,,0.13,80.42,0.00
,,,,,,,0.13,80.50,0.00
,,,,,,,0.14,80.83,0.00
,,,,,,,0.14,80.84,0.00
,,,,,,,0.15,78.70,-0.03
,,,,,,,0.15,80.49,0.02
,,,,,,,0.15,81.02,0.01
,,,,,,,0.16,81.63,0.01
,,,,,,,0.16,80.76,-0.01
,,,,,,,0.17,79.41,-0.02
,,,,,,,0.17,80.75,0.02
,,,,,,,0.17,77.07,-0.05
,,,,,,,0.18,80.02,0.04
,,,,,,,0.18,78.31,-0.02
,,,,,,,0.19,77.07,-0.02
,,,,,,,0.19,77.78,0.01
,,,,,,,0.19,78.49,0.01
,,,,,,,0.20,77.05,-0.02
,,,,,,,0.20,77.14,0.00
,,,,,,,0.21,76.57,-0.01
,,,,,,,0.21,74.13,-0.03
,,,,,,,0.21,72.19,-0.03
,,,,,,,0.22,71.74,-0.01
,,,,,,,0.22,71.56,0.00
,,,,,,,0.23,72.94,0.02
,,,,,,,0.23,73.79,0.01
,,,,,,,0.23,76.12,0.03
,,,,,,,0.24,76.23,0.00
,,,,,,,0.24,77.48,0.02
,,,,,,,0.25,78.77,0.02
,,,,,,,0.25,78.55,0.00
,,,,,,,0.25,77.87,-0.01
,,,,,,,0.26,75.17,-0.03
,,,,,,,0.26,74.38,-0.01
,,,,,,,0.27,71.58,-0.04
,,,,,,,0.27,71.69,0.00
,,,,,,,0.27,70.59,-0.02
,,,,,,,0.28,70.53,0.00
,,,,,,,0.28,69.55,-0.01
,,,,,,,0.29,69.93,0.01
,,,,,,,0.29,71.55,0.02
,,,,,,,0.29,71.77,0.00
,,,,,,,0.30,70.72,-0.01
,,,,,,,0.30,69.93,-0.01
,,,,,,,0.31,70.93,0.01
,,,,,,,0.31,69.37,-0.02
,,,,,,,0.31,68.89,-0.01
,,,,,,,0.32,69.19,0.00
,,,,,,,0.32,70.19,0.01
,,,,,,,0.33,70.09,0.00
,,,,,,,0.33,69.49,-0.01
,,,,,,,0.33,68.90,-0.01
,,,,,,,0.34,69.19,0.00
,,,,,,,0.34,68.94,0.00
,,,,,,,0.35,68.50,-0.01
,,,,,,,0.35,67.46,-0.02
,,,,,,,0.35,66.13,-0.02
,,,,,,,0.36,66.64,0.01
,,,,,,,0.36,65.06,-0.02
,,,,,,,0.37,63.82,-0.02
,,,,,,,0.37,62.05,-0.03
,,,,,,,0.37,61.91,0.00
,,,,,,,0.38,63.05,0.02
,,,,,,,0.38,62.53,-0.01
,,,,,,,0.38,60.71,-0.03
,,,,,,,0.39,62.22,0.02
,,,,,,,0.39,60.84,-0.02
,,,,,,,0.40,61.61,0.01
,,,,,,,0.40,61.43,0.00
,,,,,,,0.40,61.21,0.00
,,,,,,,0.41,61.70,0.01
,,,,,,,0.41,61.81,0.00
,,,,,,,0.42,63.18,0.02
,,,,,,,0.42,64.52,0.02
,,,,,,,0.42,65.67,0.02
,,,,,,,0.43,65.81,0.00
,,,,,,,0.43,65.63,0.00
,,,,,,,0.44,65.63,0.00
,,,,,,,0.44,66.25,0.01
,,,,,,,0.44,64.48,-0.03
,,,,,,,0.45,65.94,0.02
,,,,,,,0.45,64.79,-0.02
,,,,,,,0.46,63.94,-0.01
,,,,,,,0.46,63.27,-0.01
,,,,,,,0.46,64.53,0.02
,,,,,,,0.47,64.39,0.00
,,,,,,,0.47,64.75,0.01
,,,,,,,0.48,65.29,0.01
,,,,,,,0.48,66.13,0.01
,,,,,,,0.48,67.89,0.03
,,,,,,,0.49,66.83,-0.02
,,,,,,,0.49,66.77,0.00
,,,,,,,0.50,66.80,0.00
,,,,,,,0.50,67.20,0.01
,,,,,,,0.50,67.76,0.01
,,,,,,,0.51,66.49,-0.02
,,,,,,,0.51,66.67,0.00
,,,,,,,0.52,67.99,0.02
,,,,,,,0.52,69.51,0.02
,,,,,,,0.52,67.88,-0.02
,,,,,,,0.53,67.48,-0.01
,,,,,,,0.53,66.84,-0.01
,,,,,,,0.54,66.98,0.00
,,,,,,,0.54,66.85,0.00
,,,,,,,0.54,66.65,0.00
,,,,,,,0.55,66.78,0.00
,,,,,,,0.55,68.05,0.02
,,,,,,,0.56,67.91,0.00
,,,,,,,0.56,66.55,-0.02
,,,,,,,0.56,66.22,0.00
,,,,,,,0.57,64.97,-0.02
,,,,,,,0.57,64.15,-0.01
,,,,,,,0.58,62.59,-0.02
,,,,,,,0.58,62.52,0.00
,,,,,,,0.58,62.78,0.00
,,,,,,,0.59,64.42,0.03
,,,,,,,0.59,62.68,-0.03
,,,,,,,0.60,62.62,0.00
,,,,,,,0.60,61.18,-0.02
,,,,,,,0.60,62.20,0.02
,,,,,,,0.61,62.99,0.01
,,,,,,,0.61,63.19,0.00
,,,,,,,0.62,63.13,0.00
,,,,,,,0.62,61.40,-0.03
,,,,,,,0.62,59.93,-0.02
,,,,,,,0.63,61.17,0.02
,,,,,,,0.63,61.13,0.00
,,,,,,,0.63,62.72,0.03
,,,,,,,0.64,63.75,0.02
,,,,,,,0.64,63.77,0.00
,,,,,,,0.65,64.10,0.01
,,,,,,,0.65,63.85,0.00
,,,,,,,0.65,63.46,-0.01
,,,,,,,0.66,65.43,0.03
,,,,,,,0.66,67.20,0.03
,,,,,,,0.67,67.58,0.01
,,,,,,,0.67,66.73,-0.01
,,,,,,,0.67,66.16,-0.01
,,,,,,,0.68,67.77,0.02
,,,,,,,0.68,68.41,0.01
,,,,,,,0.69,66.25,-0.03
,,,,,,,0.69,66.08,0.00
,,,,,,,0.69,66.35,0.00
,,,,,,,0.70,68.16,0.03
,,,,,,,0.70,67.37,-0.01
,,,,,,,0.71,68.00,0.01
,,,,,,,0.71,67.60,-0.01
,,,,,,,0.71,68.24,0.01
,,,,,,,0.72,68.33,0.00
,,,,,,,0.72,68.15,0.00
,,,,,,,0.73,67.43,-0.01
,,,,,,,0.73,66.50,-0.01
,,,,,,,0.73,64.81,-0.03
,,,,,,,0.74,64.56,0.00
,,,,,,,0.74,62.87,-0.03
,,,,,,,0.75,63.32,0.01
,,,,,,,0.75,64.63,0.02
,,,,,,,0.75,64.55,0.00
,,,,,,,0.76,64.75,0.00
,,,,,,,0.76,65.21,0.01
,,,,,,,0.77,64.51,-0.01
,,,,,,,0.77,65.82,0.02
,,,,,,,0.77,66.39,0.01
,,,,,,,0.78,66.79,0.01
,,,,,,,0.78,65.76,-0.02
,,,,,,,0.79,65.36,-0.01
,,,,,,,0.79,63.92,-0.02
,,,,,,,0.79,64.50,0.01
,,,,,,,0.80,65.28,0.01
,,,,,,,0.80,66.64,0.02
,,,,,,,0.81,67.05,0.01
,,,,,,,0.81,66.90,0.00
,,,,,,,0.81,67.55,0.01
,,,,,,,0.82,68.83,0.02
,,,,,,,0.82,70.59,0.03
,,,,,,,0.83,70.55,0.00
,,,,,,,0.83,69.72,-0.01
,,,,,,,0.83,69.03,-0.01
,,,,,,,0.84,68.82,0.00
,,,,,,,0.84,68.52,0.00
,,,,,,,0.85,67.28,-0.02
,,,,,,,0.85,66.93,-0.01
,,,,,,,0.85,68.03,0.02
,,,,,,,0.86,68.78,0.01
,,,,,,,0.86,68.34,-0.01
,,,,,,,0.87,68.93,0.01
,,,,,,,0.87,68.84,0.00
,,,,,,,0.87,69.00,0.00
,,,,,,,0.88,70.42,0.02
,,,,,,,0.88,69.40,-0.01
,,,,,,,0.88,68.27,-0.02
,,,,,,,0.89,69.98,0.03
,,,,,,,0.89,68.65,-0.02
,,,,,,,0.90,65.86,-0.04
,,,,,,,0.90,65.39,-0.01
,,,,,,,0.90,64.51,-0.01
,,,,,,,0.91,63.48,-0.02
,,,,,,,0.91,62.75,-0.01
,,,,,,,0.92,62.86,0.00
,,,,,,,0.92,61.65,-0.02
,,,,,,,0.92,63.10,0.02
,,,,,,,0.93,61.18,-0.03
,,,,,,,0.93,59.46,-0.03
,,,,,,,0.94,60.35,0.02
,,,,,,,0.94,60.12,0.00
,,,,,,,0.94,59.75,-0.01
,,,,,,,0.95,60.35,0.01
,,,,,,,0.95,59.70,-0.01
,,,,,,,0.96,60.13,0.01
,,,,,,,0.96,60.73,0.01
,,,,,,,0.96,60.59,0.00
,,,,,,,0.97,61.94,0.02
,,,,,,,0.97,60.32,-0.03
,,,,,,,0.98,61.77,0.02
,,,,,,,0.98,62.71,0.02
,,,,,,,0.98,62.90,0.00
,,,,,,,0.99,62.51,-0.01
,,,,,,,0.99,64.18,0.03
,,,,,,,1.00,63.93,0.00
,,,,,,,1.00,63.70,0.00
,,,,,,,1.00,63.03,-0.01
,,,,,,,1.01,64.47,0.02
,,,,,,,1.01,65.87,0.02
,,,,,,,1.02,64.88,-0.01
,,,,,,,1.02,64.58,0.00
,,,,,,,1.02,64.99,0.01
,,,,,,,1.03,64.93,0.00
,,,,,,,1.03,64.45,-0.01
,,,,,,,1.04,65.87,0.02
,,,,,,,1.04,64.76,-0.02
,,,,,,,1.04,64.48,0.00
,,,,,,,1.05,65.82,0.02
,,,,,,,1.05,65.16,-0.01
,,,,,,,1.06,64.71,-0.01
,,,,,,,1.06,63.33,-0.02
,,,,,,,1.06,64.04,0.01
,,,,,,,1.07,65.18,0.02
,,,,,,,1.07,65.84,0.01
,,,,,,,1.08,66.47,0.01
,,,,,,,1.08,66.54,0.00
,,,,,,,1.08,66.88,0.01
,,,,,,,1.09,66.18,-0.01
,,,,,,,1.09,65.51,-0.01
,,,,,,,1.10,66.53,0.02
,,,,,,,1.10,66.25,0.00
,,,,,,,1.10,66.24,0.00
,,,,,,,1.11,66.19,0.00
,,,,,,,1.11,65.75,-0.01
,,,,,,,1.12,66.06,0.00
,,,,,,,1.12,67.52,0.02
,,,,,,,1.12,68.27,0.01
,,,,,,,1.13,67.55,-0.01
,,,,,,,1.13,68.13,0.01
,,,,,,,1.13,68.81,0.01
,,,,,,,1.14,68.85,0.00
,,,,,,,1.14,68.15,-0.01
,,,,,,,1.15,68.05,0.00
,,,,,,,1.15,67.86,0.00
,,,,,,,1.15,69.85,0.03
,,,,,,,1.16,68.82,-0.01
,,,,,,,1.16,69.19,0.01
,,,,,,,1.17,69.25,0.00
,,,,,,,1.17,71.85,0.04
,,,,,,,1.17,69.55,-0.03
,,,,,,,1.18,68.24,-0.02
,,,,,,,1.18,68.15,0.00
,,,,,,,1.19,68.26,0.00
,,,,,,,1.19,67.58,-0.01
,,,,,,,1.19,68.10,0.01
,,,,,,,1.20,67.25,-0.01
,,,,,,,1.20,67.72,0.01
,,,,,,,1.21,65.55,-0.03
,,,,,,,1.21,65.96,0.01
,,,,,,,1.21,67.16,0.02
,,,,,,,1.22,66.78,-0.01
,,,,,,,1.22,66.38,-0.01
,,,,,,,1.23,64.69,-0.03
,,,,,,,1.23,63.16,-0.02
,,,,,,,1.23,62.17,-0.02
,,,,,,,1.24,60.38,-0.03
,,,,,,,1.24,59.82,-0.01
,,,,,,,1.25,60.28,0.01
,,,,,,,1.25,60.80,0.01
,,,,,,,1.25,61.70,0.01
,,,,,,,1.26,61.43,0.00
,,,,,,,1.26,61.72,0.00
,,,,,,,1.27,61.97,0.00
,,,,,,,1.27,62.94,0.02
,,,,,,,1.27,60.90,-0.03
,,,,,,,1.28,61.40,0.01
,,,,,,,1.28,58.48,-0.05
,,,,,,,1.29,58.49,0.00
,,,,,,,1.29,58.43,0.00
,,,,,,,1.29,55.62,-0.05
,,,,,,,1.30,55.73,0.00
,,,,,,,1.30,56.55,0.01
,,,,,,,1.31,55.75,-0.01
,,,,,,,1.31,54.33,-0.03
,,,,,,,1.31,54.32,0.00
,,,,,,,1.32,53.33,-0.02
,,,,,,,1.32,52.15,-0.02
,,,,,,,1.33,52.32,0.00
,,,,,,,1.33,51.79,-0.01
,,,,,,,1.33,52.06,0.01
,,,,,,,1.34,52.17,0.00
,,,,,,,1.34,53.10,0.02
,,,,,,,1.35,52.72,-0.01
,,,,,,,1.35,53.20,0.01
,,,,,,,1.35,52.84,-0.01
,,,,,,,1.36,51.41,-0.03
,,,,,,,1.36,51.10,-0.01
,,,,,,,1.37,50.93,0.00
,,,,,,,1.37,51.32,0.01
,,,,,,,1.37,50.90,-0.01
,,,,,,,1.38,49.83,-0.02
,,,,,,,1.38,51.19,0.03
,,,,,,,1.38,49.87,-0.03
,,,,,,,1.39,48.83,-0.02
,,,,,,,1.39,49.15,0.01
,,,,,,,1.40,49.68,0.01
,,,,,,,1.40,50.14,0.01
,,,,,,,1.40,51.96,0.04
,,,,,,,1.41,51.78,0.00
,,,,,,,1.41,51.30,-0.01
,,,,,,,1.42,50.76,-0.01
,,,,,,,1.42,49.36,-0.03
,,,,,,,1.42,48.94,-0.01
,,,,,,,1.43,49.18,0.00
,,,,,,,1.43,49.98,0.02
,,,,,,,1.44,50.38,0.01
,,,,,,,1.44,50.20,0.00
,,,,,,,1.44,50.30,0.00
,,,,,,,1.45,49.94,-0.01
,,,,,,,1.45,50.78,0.02
,,,,,,,1.46,49.56,-0.02
,,,,,,,1.46,50.75,0.02
,,,,,,,1.46,51.96,0.02
,,,,,,,1.47,52.68,0.01
,,,,,,,1.47,51.26,-0.03
,,,,,,,1.48,52.31,0.02
,,,,,,,1.48,52.91,0.01
,,,,,,,1.48,53.45,0.01
,,,,,,,1.49,53.90,0.01
,,,,,,,1.49,54.24,0.01
,,,,,,,1.50,53.71,-0.01
,,,,,,,1.50,52.41,-0.02
,,,,,,,1.50,54.27,0.04
,,,,,,,1.51,55.58,0.02
,,,,,,,1.51,54.69,-0.02
,,,,,,,1.52,54.88,0.00
,,,,,,,1.52,56.43,0.03
,,,,,,,1.52,55.40,-0.02
,,,,,,,1.53,55.20,0.00
,,,,,,,1.53,54.80,-0.01
,,,,,,,1.54,55.73,0.02
,,,,,,,1.54,55.35,-0.01
,,,,,,,1.54,54.12,-0.02
,,,,,,,1.55,54.61,0.01
,,,,,,,1.55,55.05,0.01
,,,,,,,1.56,56.04,0.02
,,,,,,,1.56,56.39,0.01
,,,,,,,1.56,55.78,-0.01
,,,,,,,1.57,54.71,-0.02
,,,,,,,1.57,54.21,-0.01
,,,,,,,1.58,54.13,0.00
,,,,,,,1.58,55.07,0.02
,,,,,,,1.58,55.19,0.00
,,,,,,,1.59,54.49,-0.01
,,,,,,,1.59,54.48,0.00
,,,,,,,1.60,55.70,0.02
,,,,,,,1.60,55.23,-0.01
,,,,,,,1.60,55.47,0.00
,,,,,,,1.61,54.59,-0.02
,,,,,,,1.61,52.70,-0.03
,,,,,,,1.62,53.21,0.01
,,,,,,,1.62,53.60,0.01
,,,,,,,1.62,54.50,0.02
,,,,,,,1.63,54.31,0.00
,,,,,,,1.63,54.84,0.01
,,,,,,,1.63,54.92,0.00
,,,,,,,1.64,55.37,0.01
,,,,,,,1.64,56.37,0.02
,,,,,,,1.65,55.48,-0.02
,,,,,,,1.65,55.91,0.01
,,,,,,,1.65,57.12,0.02
,,,,,,,1.66,56.33,-0.01
,,,,,,,1.66,56.00,-0.01
,,,,,,,1.67,56.78,0.01
,,,,,,,1.67,58.04,0.02
,,,,,,,1.67,58.28,0.00
,,,,,,,1.68,57.36,-0.02
,,,,,,,1.68,57.39,0.00
,,,,,,,1.69,57.28,0.00
,,,,,,,1.69,57.35,0.00
,,,,,,,1.69,58.05,0.01
,,,,,,,1.70,58.49,0.01
,,,,,,,1.70,58.28,0.00
,,,,,,,1.71,57.80,-0.01
,,,,,,,1.71,58.24,0.01
,,,,,,,1.71,60.03,0.03
,,,,,,,1.72,58.60,-0.02
,,,,,,,1.72,59.21,0.01
,,,,,,,1.73,58.33,-0.01
,,,,,,,1.73,58.50,0.00
,,,,,,,1.73,59.16,0.01
,,,,,,,1.74,61.01,0.03
,,,,,,,1.74,61.87,0.01
,,,,,,,1.75,62.47,0.01
,,,,,,,1.75,62.22,0.00
,,,,,,,1.75,62.30,0.00
,,,,,,,1.76,63.96,0.03
,,,,,,,1.76,63.49,-0.01
,,,,,,,1.77,63.95,0.01
,,,,,,,1.77,63.84,0.00
,,,,,,,1.77,64.01,0.00
,,,,,,,1.78,61.41,-0.04
,,,,,,,1.78,62.36,0.02
,,,,,,,1.79,62.12,0.00
,,,,,,,1.79,59.88,-0.04
,,,,,,,1.79,59.35,-0.01
,,,,,,,1.80,58.41,-0.02
,,,,,,,1.80,58.44,0.00
,,,,,,,1.81,58.51,0.00
,,,,,,,1.81,59.61,0.02
,,,,,,,1.81,59.70,0.00
,,,,,,,1.82,59.03,-0.01
,,,,,,,1.82,60.04,0.02
,,,,,,,1.83,60.66,0.01
,,,,,,,1.83,59.99,-0.01
,,,,,,,1.83,60.97,0.02
,,,,,,,1.84,61.26,0.00
,,,,,,,1.84,62.20,0.02
,,,,,,,1.85,63.13,0.02
,,,,,,,1.85,63.11,0.00
,,,,,,,1.85,63.99,0.01
,,,,,,,1.86,63.13,-0.01
,,,,,,,1.86,64.87,0.03
,,,,,,,1.87,64.58,0.00
,,,,,,,1.87,65.36,0.01
,,,,,,,1.87,66.65,0.02
,,,,,,,1.88,67.34,0.01
,,,,,,,1.88,67.21,0.00
,,,,,,,1.88,67.18,0.00
,,,,,,,1.89,66.27,-0.01
,,,,,,,1.89,66.19,0.00
,,,,,,,1.90,65.47,-0.01
,,,,,,,1.90,65.98,0.01
,,,,,,,1.90,66.74,0.01
,,,,,,,1.91,66.80,0.00
,,,,,,,1.91,66.81,0.00
,,,,,,,1.92,67.05,0.00
,,,,,,,1.92,65.30,-0.03
,,,,,,,1.92,64.35,-0.01
,,,,,,,1.93,65.03,0.01
,,,,,,,1.93,64.77,0.00
,,,,,,,1.94,63.57,-0.02
,,,,,,,1.94,62.60,-0.02
,,,,,,,1.94,62.45,0.00
,,,,,,,1.95,63.25,0.01
,,,,,,,1.95,63.41,0.00
,,,,,,,1.96,62.13,-0.02
,,,,,,,1.96,62.90,0.01
,,,,,,,1.96,62.93,0.00
,,,,,,,1.97,61.61,-0.02
,,,,,,,1.97,62.33,0.01
,,,,,,,1.98,63.36,0.02
,,,,,,,1.98,63.52,0.00
,,,,,,,1.98,64.31,0.01
,,,,,,,1.99,63.42,-0.01
,,,,,,,1.99,64.89,0.02
,,,,,,,2.00,65.93,0.02
,,,,,,,2.00,63.88,-0.03
,,,,,,,2.00,63.23,-0.01
,,,,,,,2.01,63.32,0.00
,,,,,,,2.01,63.85,0.01
,,,,,,,2.02,62.59,-0.02
,,,,,,,2.02,62.54,0.00
,,,,,,,2.02,61.76,-0.01
,,,,,,,2.03,61.61,0.00
,,,,,,,2.03,60.48,-0.02
,,,,,,,2.04,60.05,-0.01
,,,,,,,2.04,61.02,0.02
,,,,,,,2.04,60.78,0.00
,,,,,,,2.05,61.55,0.01
,,,,,,,2.05,62.85,0.02
,,,,,,,2.06,63.92,0.02
,,,,,,,2.06,64.35,0.01
,,,,,,,2.06,63.76,-0.01
,,,,,,,2.07,63.46,0.00
,,,,,,,2.07,62.38,-0.02
,,,,,,,2.08,62.62,0.00
,,,,,,,2.08,61.41,-0.02
,,,,,,,2.08,61.66,0.00
,,,,,,,2.09,63.14,0.02
,,,,,,,2.09,62.66,-0.01
,,,,,,,2.10,63.52,0.01
,,,,,,,2.10,64.05,0.01
,,,,,,,2.10,63.95,0.00
,,,,,,,2.11,65.47,0.02
,,,,,,,2.11,65.73,0.00
,,,,,,,2.12,66.05,0.00
,,,,,,,2.12,65.94,0.00
,,,,,,,2.12,65.45,-0.01
,,,,,,,2.13,64.35,-0.02
,,,,,,,2.13,66.10,0.03
,,,,,,,2.13,65.26,-0.01
,,,,,,,2.14,63.51,-0.03
,,,,,,,2.14,64.64,0.02
,,,,,,,2.15,65.72,0.02
,,,,,,,2.15,66.25,0.01
,,,,,,,2.15,68.84,0.04
,,,,,,,2.16,68.53,0.00
,,,,,,,2.16,69.37,0.01
,,,,,,,2.17,69.44,0.00
,,,,,,,2.17,68.05,-0.02
,,,,,,,2.17,66.24,-0.03
,,,,,,,2.18,67.45,0.02
,,,,,,,2.18,68.52,0.02
,,,,,,,2.19,68.42,0.00
,,,,,,,2.19,68.87,0.01
,,,,,,,2.19,68.45,-0.01
,,,,,,,2.20,68.78,0.00
,,,,,,,2.20,69.56,0.01
,,,,,,,2.21,71.09,0.02
,,,,,,,2.21,70.82,0.00
,,,,,,,2.21,70.87,0.00
,,,,,,,2.22,70.50,-0.01
,,,,,,,2.22,70.88,0.01
,,,,,,,2.23,68.39,-0.04
,,,,,,,2.23,70.71,0.03
,,,,,,,2.23,71.81,0.02
,,,,,,,2.24,70.16,-0.02
,,,,,,,2.24,69.31,-0.01
,,,,,,,2.25,69.25,0.00
,,,,,,,2.25,69.29,0.00
,,,,,,,2.25,70.93,0.02
,,,,,,,2.26,69.02,-0.03
,,,,,,,2.26,68.41,-0.01
,,,,,,,2.27,69.72,0.02
,,,,,,,2.27,68.84,-0.01
,,,,,,,2.27,69.98,0.02
,,,,,,,2.28,69.45,-0.01
,,,,,,,2.28,68.19,-0.02
,,,,,,,2.29,69.40,0.02
,,,,,,,2.29,68.85,-0.01
,,,,,,,2.29,69.21,0.01
,,,,,,,2.30,68.05,-0.02
,,,,,,,2.30,69.47,0.02
,,,,,,,2.31,69.19,0.00
,,,,,,,2.31,68.91,0.00
,,,,,,,2.31,69.95,0.02
,,,,,,,2.32,70.75,0.01
,,,,,,,2.32,71.24,0.01
,,,,,,,2.33,71.32,0.00
,,,,,,,2.33,71.11,0.00
,,,,,,,2.33,71.42,0.00
,,,,,,,2.34,73.65,0.03
,,,,,,,2.34,73.68,0.00
,,,,,,,2.35,74.42,0.01
,,,,,,,2.35,75.52,0.01
,,,,,,,2.35,74.78,-0.01
,,,,,,,2.36,74.26,-0.01
,,,,,,,2.36,74.06,0.00
,,,,,,,2.37,73.34,-0.01
,,,,,,,2.37,71.94,-0.02
,,,,,,,2.37,72.80,0.01
,,,,,,,2.38,72.52,0.00
,,,,,,,2.38,71.19,-0.02
,,,,,,,2.38,71.16,0.00
,,,,,,,2.39,70.46,-0.01
,,,,,,,2.39,71.35,0.01
,,,,,,,2.40,71.85,0.01
,,,,,,,2.40,72.63,0.01
,,,,,,,2.40,72.53,0.00
,,,,,,,2.41,72.93,0.01
,,,,,,,2.41,71.47,-0.02
,,,,,,,2.42,70.83,-0.01
,,,,,,,2.42,69.39,-0.02
,,,,,,,2.42,70.33,0.01
,,,,,,,2.43,70.98,0.01
,,,,,,,2.43,72.65,0.02
,,,,,,,2.44,70.99,-0.02
,,,,,,,2.44,71.20,0.00
,,,,,,,2.44,71.08,0.00
,,,,,,,2.45,72.41,0.02
,,,,,,,2.45,71.38,-0.01
,,,,,,,2.46,70.82,-0.01
,,,,,,,2.46,70.16,-0.01
,,,,,,,2.46,68.55,-0.02
,,,,,,,2.47,68.73,0.00
,,,,,,,2.47,68.97,0.00
,,,,,,,2.48,68.43,-0.01
,,,,,,,2.48,69.68,0.02
,,,,,,,2.48,69.15,-0.01
,,,,,,,2.49,68.68,-0.01
,,,,,,,2.49,68.02,-0.01
,,,,,,,2.50,68.53,0.01
,,,,,,,2.50,69.24,0.01
,,,,,,,2.50,69.54,0.00
,,,,,,,2.51,68.97,-0.01
,,,,,,,2.51,68.02,-0.01
,,,,,,,2.52,68.85,0.01
,,,,,,,2.52,69.01,0.00
,,,,,,,2.52,68.88,0.00
,,,,,,,2.53,68.62,0.00
,,,,,,,2.53,68.81,0.00
,,,,,,,2.54,69.59,0.01
,,,,,,,2.54,70.05,0.01
,,,,,,,2.54,67.90,-0.03
,,,,,,,2.55,67.05,-0.01
,,,,,,,2.55,66.29,-0.01
,,,,,,,2.56,66.01,0.00
,,,,,,,2.56,66.30,0.00
,,,,,,,2.56,68.09,0.03
,,,,,,,2.57,67.50,-0.01
,,,,,,,2.57,67.18,0.00
,,,,,,,2.58,68.79,0.02
,,,,,,,2.58,69.86,0.02
,,,,,,,2.58,69.87,0.00
,,,,,,,2.59,69.39,-0.01
,,,,,,,2.59,69.09,0.00
,,,,,,,2.60,69.45,0.01
,,,,,,,2.60,69.06,-0.01
,,,,,,,2.60,69.89,0.01
,,,,,,,2.61,68.39,-0.02
,,,,,,,2.61,68.76,0.01
,,,,,,,2.62,68.70,0.00
,,,,,,,2.62,70.01,0.02
,,,,,,,2.62,68.42,-0.02
,,,,,,,2.63,66.99,-0.02
,,,,,,,2.63,67.32,0.00
,,,,,,,2.63,67.14,0.00
,,,,,,,2.64,67.66,0.01
,,,,,,,2.64,68.09,0.01
,,,,,,,2.65,67.20,-0.01
,,,,,,,2.65,67.61,0.01
,,,,,,,2.65,65.25,-0.04
,,,,,,,2.66,65.53,0.00
,,,,,,,2.66,65.41,0.00
,,,,,,,2.67,65.78,0.01
,,,,,,,2.67,64.11,-0.03
,,,,,,,2.67,64.74,0.01
,,,,,,,2.68,63.67,-0.02
,,,,,,,2.68,63.57,0.00
,,,,,,,2.69,65.03,0.02
,,,,,,,2.69,64.61,-0.01
,,,,,,,2.69,65.98,0.02
,,,,,,,2.70,65.15,-0.01
,,,,,,,2.70,64.69,-0.01
,,,,,,,2.71,63.57,-0.02
,,,,,,,2.71,63.09,-0.01
,,,,,,,2.71,62.60,-0.01
,,,,,,,2.72,61.55,-0.02
,,,,,,,2.72,61.09,-0.01
,,,,,,,2.73,60.77,-0.01
,,,,,,,2.73,60.76,0.00
,,,,,,,2.73,61.03,0.00
,,,,,,,2.74,60.77,0.00
,,,,,,,2.74,60.69,0.00
,,,,,,,2.75,59.35,-0.02
,,,,,,,2.75,60.35,0.02
,,,,,,,2.75,59.34,-0.02
,,,,,,,2.76,60.98,0.03
,,,,,,,2.76,59.81,-0.02
,,,,,,,2.77,61.21,0.02
,,,,,,,2.77,62.83,0.03
,,,,,,,2.77,62.29,-0.01
,,,,,,,2.78,60.63,-0.03
,,,,,,,2.78,60.81,0.00
,,,,,,,2.79,59.88,-0.02
,,,,,,,2.79,60.39,0.01
,,,,,,,2.79,60.21,0.00
,,,,,,,2.80,60.49,0.00
,,,,,,,2.80,61.53,0.02
,,,,,,,2.81,61.43,0.00
,,,,,,,2.81,61.74,0.01
,,,,,,,2.81,62.80,0.02
,,,,,,,2.82,63.73,0.01
,,,,,,,2.82,63.25,-0.01
,,,,,,,2.83,63.79,0.01
,,,,,,,2.83,65.84,0.03
,,,,,,,2.83,66.69,0.01
,,,,,,,2.84,64.70,-0.03
,,,,,,,2.84,63.66,-0.02
,,,,,,,2.85,64.22,0.01
,,,,,,,2.85,64.77,0.01
,,,,,,,2.85,63.89,-0.01
,,,,,,,2.86,64.58,0.01
,,,,,,,2.86,63.69,-0.01
,,,,,,,2.87,63.21,-0.01
,,,,,,,2.87,64.67,0.02
,,,,,,,2.87,65.05,0.01
,,,,,,,2.88,65.76,0.01
,,,,,,,2.88,64.57,-0.02
,,,,,,,2.88,64.93,0.01
,,,,,,,2.89,65.22,0.00
,,,,,,,2.89,65.87,0.01
,,,,,,,2.90,65.39,-0.01
,,,,,,,2.90,65.41,0.00
,,,,,,,2.90,65.89,0.01
,,,,,,,2.91,65.62,0.00
,,,,,,,2.91,67.25,0.02
,,,,,,,2.92,68.53,0.02
,,,,,,,2.92,67.44,-0.02
,,,,,,,2.92,69.62,0.03
,,,,,,,2.93,70.66,0.01
,,,,,,,2.93,70.48,0.00
,,,,,,,2.94,69.67,-0.01
,,,,,,,2.94,69.89,0.00
,,,,,,,2.94,70.68,0.01
,,,,,,,2.95,69.67,-0.01
,,,,,,,2.95,68.28,-0.02
,,,,,,,2.96,68.92,0.01
,,,,,,,2.96,68.22,-0.01
,,,,,,,2.96,67.53,-0.01
,,,,,,,2.97,67.57,0.00
,,,,,,,2.97,68.13,0.01
,,,,,,,2.98,68.71,0.01
,,,,,,,2.98,67.04,-0.02
,,,,,,,2.98,66.99,0.00
,,,,,,,2.99,65.22,-0.03
,,,,,,,2.99,63.64,-0.02
,,,,,,,3.00,63.21,-0.01
,,,,,,,3.00,62.23,-0.02
,,,,,,,3.00,63.83,0.03
,,,,,,,3.01,63.27,-0.01
,,,,,,,3.01,62.23,-0.02
,,,,,,,3.02,61.64,-0.01
,,,,,,,3.02,62.02,0.01
,,,,,,,3.02,62.80,0.01
,,,,,,,3.03,62.41,-0.01
,,,,,,,3.03,62.23,0.00
,,,,,,,3.04,62.68,0.01
,,,,,,,3.04,62.27,-0.01
,,,,,,,3.04,61.06,-0.02
,,,,,,,3.05,60.17,-0.01
,,,,,,,3.05,59.16,-0.02
,,,,,,,3.06,57.72,-0.02
,,,,,,,3.06,57.94,0.00
,,,,,,,3.06,58.33,0.01
,,,,,,,3.07,58.41,0.00
,,,,,,,3.07,56.96,-0.02
,,,,,,,3.08,54.96,-0.04
,,,,,,,3.08,54.54,-0.01
,,,,,,,3.08,53.82,-0.01
,,,,,,,3.09,54.19,0.01
,,,,,,,3.09,55.00,0.02
,,,,,,,3.10,55.13,0.00
,,,,,,,3.10,55.89,0.01
,,,,,,,3.10,56.44,0.01
,,,,,,,3.11,55.85,-0.01
,,,,,,,3.11,55.17,-0.01
,,,,,,,3.12,56.51,0.02
,,,,,,,3.12,55.73,-0.01
,,,,,,,3.12,56.71,0.02
,,,,,,,3.13,55.27,-0.03
,,,,,,,3.13,55.85,0.01
,,,,,,,3.13,56.05,0.00
,,,,,,,3.14,55.71,-0.01
,,,,,,,3.14,55.76,0.00
,,,,,,,3.15,56.29,0.01
,,,,,,,3.15,56.24,0.00
,,,,,,,3.15,56.32,0.00
,,,,,,,3.16,55.86,-0.01
,,,,,,,3.16,57.11,0.02
,,,,,,,3.17,56.89,0.00
,,,,,,,3.17,56.12,-0.01
,,,,,,,3.17,56.50,0.01
,,,,,,,3.18,57.27,0.01
,,,,,,,3.18,58.78,0.03
,,,,,,,3.19,58.89,0.00
,,,,,,,3.19,59.41,0.01
,,,,,,,3.19,60.78,0.02
,,,,,,,3.20,60.95,0.00
,,,,,,,3.20,60.00,-0.02
,,,,,,,3.21,59.18,-0.01
,,,,,,,3.21,59.41,0.00
,,,,,,,3.21,59.15,0.00
,,,,,,,3.22,60.44,0.02
,,,,,,,3.22,60.54,0.00
,,,,,,,3.23,62.22,0.03
,,,,,,,3.23,62.05,0.00
,,,,,,,3.23,61.23,-0.01
,,,,,,,3.24,61.49,0.00
,,,,,,,3.24,64.53,0.05
,,,,,,,3.25,63.88,-0.01
,,,,,,,3.25,63.98,0.00
,,,,,,,3.25,63.65,-0.01
,,,,,,,3.26,63.57,0.00
,,,,,,,3.26,64.79,0.02
,,,,,,,3.27,63.47,-0.02
,,,,,,,3.27,62.69,-0.01
,,,,,,,3.27,63.01,0.01
,,,,,,,3.28,62.18,-0.01
,,,,,,,3.28,62.03,0.00
,,,,,,,3.29,62.96,0.01
,,,,,,,3.29,64.51,0.02
,,,,,,,3.29,63.25,-0.02
,,,,,,,3.30,62.73,-0.01
,,,,,,,3.30,62.14,-0.01
,,,,,,,3.31,62.01,0.00
,,,,,,,3.31,61.29,-0.01
,,,,,,,3.31,63.02,0.03
,,,,,,,3.32,64.73,0.03
,,,,,,,3.32,65.71,0.02
,,,,,,,3.33,64.19,-0.02
,,,,,,,3.33,63.61,-0.01
,,,,,,,3.33,61.79,-0.03
,,,,,,,3.34,63.62,0.03
,,,,,,,3.34,63.77,0.00
,,,,,,,3.35,63.59,0.00
,,,,,,,3.35,64.73,0.02
,,,,,,,3.35,64.31,-0.01
,,,,,,,3.36,64.59,0.00
,,,,,,,3.36,63.74,-0.01
,,,,,,,3.37,63.87,0.00
,,,,,,,3.37,62.74,-0.02
,,,,,,,3.37,62.63,0.00
,,,,,,,3.38,63.48,0.01
,,,,,,,3.38,60.79,-0.04
,,,,,,,3.38,60.70,0.00
,,,,,,,3.39,60.89,0.00
,,,,,,,3.39,60.71,0.00
,,,,,,,3.40,61.08,0.01
,,,,,,,3.40,61.58,0.01
,,,,,,,3.40,61.86,0.00
,,,,,,,3.41,62.20,0.01
,,,,,,,3.41,62.31,0.00
,,,,,,,3.42,63.18,0.01
,,,,,,,3.42,63.97,0.01
,,,,,,,3.42,64.23,0.00
,,,,,,,3.43,63.45,-0.01
,,,,,,,3.43,63.75,0.00
,,,,,,,3.44,62.99,-0.01
,,,,,,,3.44,62.19,-0.01
,,,,,,,3.44,60.48,-0.03
,,,,,,,3.45,61.86,0.02
,,,,,,,3.45,62.39,0.01
,,,,,,,3.46,63.79,0.02
,,,,,,,3.46,62.60,-0.02
,,,,,,,3.46,62.57,0.00
,,,,,,,3.47,63.05,0.01
,,,,,,,3.47,61.51,-0.02
,,,,,,,3.48,61.21,0.00
,,,,,,,3.48,59.96,-0.02
,,,,,,,3.48,58.96,-0.02
,,,,,,,3.49,61.32,0.04
,,,,,,,3.49,61.35,0.00
,,,,,,,3.50,62.86,0.02
,,,,,,,3.50,64.04,0.02
,,,,,,,3.50,64.47,0.01
,,,,,,,3.51,63.78,-0.01
,,,,,,,3.51,62.96,-0.01
,,,,,,,3.52,62.91,0.00
,,,,,,,3.52,60.87,-0.03
,,,,,,,3.52,61.06,0.00
,,,,,,,3.53,61.89,0.01
,,,,,,,3.53,61.86,0.00
,,,,,,,3.54,62.06,0.00
,,,,,,,3.54,61.13,-0.02
,,,,,,,3.54,60.96,0.00
,,,,,,,3.55,60.74,0.00
,,,,,,,3.55,60.03,-0.01
,,,,,,,3.56,59.75,0.00
,,,,,,,3.56,59.48,0.00
,,,,,,,3.56,60.44,0.02
,,,,,,,3.57,60.30,0.00
,,,,,,,3.57,61.58,0.02
,,,,,,,3.58,63.05,0.02
,,,,,,,3.58,63.14,0.00
,,,,,,,3.58,63.87,0.01
,,,,,,,3.59,64.61,0.01
,,,,,,,3.59,67.05,0.04
,,,,,,,3.60,68.18,0.02
,,,,,,,3.60,65.57,-0.04
,,,,,,,3.60,65.67,0.00
,,,,,,,3.61,65.76,0.00
,,,,,,,3.61,66.67,0.01
,,,,,,,3.62,67.49,0.01
,,,,,,,3.62,68.45,0.01
,,,,,,,3.62,66.95,-0.02
,,,,,,,3.63,66.41,-0.01
,,,,,,,3.63,66.06,-0.01
,,,,,,,3.63,65.94,0.00
,,,,,,,3.64,66.84,0.01
,,,,,,,3.64,68.13,0.02
,,,,,,,3.65,66.69,-0.02
,,,,,,,3.65,69.24,0.04
,,,,,,,3.65,69.47,0.00
,,,,,,,3.66,69.71,0.00
,,,,,,,3.66,71.75,0.03
,,,,,,,3.67,70.13,-0.02
,,,,,,,3.67,69.95,0.00
,,,,,,,3.67,70.29,0.00
,,,,,,,3.68,70.68,0.01
,,,,,,,3.68,69.34,-0.02
,,,,,,,3.69,70.19,0.01
,,,,,,,3.69,70.45,0.00
,,,,,,,3.69,70.78,0.00
,,,,,,,3.70,71.36,0.01
,,,,,,,3.70,72.26,0.01
,,,,,,,3.71,71.83,-0.01
,,,,,,,3.71,70.67,-0.02
,,,,,,,3.71,72.22,0.02
,,,,,,,3.72,72.99,0.01
,,,,,,,3.72,72.81,0.00
,,,,,,,3.73,75.67,0.04
,,,,,,,3.73,75.97,0.00
,,,,,,,3.73,75.11,-0.01
,,,,,,,3.74,75.87,0.01
,,,,,,,3.74,76.26,0.01
,,,,,,,3.75,75.65,-0.01
,,,,,,,3.75,77.31,0.02
,,,,,,,3.75,77.21,0.00
,,,,,,,3.76,76.49,-0.01
,,,,,,,3.76,75.69,-0.01
,,,,,,,3.77,74.27,-0.02
,,,,,,,3.77,72.17,-0.03
,,,,,,,3.77,71.86,0.00
,,,,,,,3.78,70.69,-0.02
,,,,,,,3.78,68.77,-0.03
,,,,,,,3.79,68.63,0.00
,,,,,,,3.79,66.88,-0.03
,,,,,,,3.79,67.35,0.01
,,,,,,,3.80,66.54,-0.01
,,,,,,,3.80,65.42,-0.02
,,,,,,,3.81,65.76,0.01
,,,,,,,3.81,66.29,0.01
,,,,,,,3.81,66.69,0.01
,,,,,,,3.82,67.22,0.01
,,,,,,,3.82,66.45,-0.01
,,,,,,,3.83,66.56,0.00
,,,,,,,3.83,65.56,-0.02
,,,,,,,3.83,65.59,0.00
,,,,,,,3.84,64.83,-0.01
,,,,,,,3.84,63.66,-0.02
,,,,,,,3.85,63.33,-0.01
,,,,,,,3.85,62.75,-0.01
,,,,,,,3.85,62.51,0.00
,,,,,,,3.86,61.40,-0.02
,,,,,,,3.86,62.35,0.02
,,,,,,,3.87,61.11,-0.02
,,,,,,,3.87,59.61,-0.02
,,,,,,,3.87,60.26,0.01
,,,,,,,3.88,59.78,-0.01
,,,,,,,3.88,59.37,-0.01
,,,,,,,3.88,58.58,-0.01
,,,,,,,3.89,57.96,-0.01
,,,,,,,3.89,56.38,-0.03
,,,,,,,3.90,55.74,-0.01
,,,,,,,3.90,56.06,0.01
,,,,,,,3.90,55.48,-0.01
,,,,,,,3.91,54.60,-0.02
,,,,,,,3.91,54.15,-0.01
,,,,,,,3.92,55.13,0.02
,,,,,,,3.92,56.93,0.03
,,,,,,,3.92,57.31,0.01
,,,,,,,3.93,58.21,0.02
,,,,,,,3.93,57.98,0.00
,,,,,,,3.94,58.40,0.01
,,,,,,,3.94,57.75,-0.01
,,,,,,,3.94,58.70,0.02
,,,,,,,3.95,58.95,0.00
,,,,,,,3.95,58.17,-0.01
,,,,,,,3.96,56.59,-0.03
,,,,,,,3.96,56.70,0.00
,,,,,,,3.96,56.55,0.00
,,,,,,,3.97,57.68,0.02
,,,,,,,3.97,58.46,0.01
,,,,,,,3.98,58.38,0.00
,,,,,,,3.98,58.07,-0.01
,,,,,,,3.98,58.11,0.00
,,,,,,,3.99,59.15,0.02
,,,,,,,3.99,59.85,0.01
,,,,,,,4.00,60.90,0.02
,,,,,,,4.00,60.98,0.00
,,,,,,,4.00,61.46,0.01
,,,,,,,4.01,59.11,-0.04
,,,,,,,4.01,58.67,-0.01
,,,,,,,4.02,57.27,-0.02
,,,,,,,4.02,56.68,-0.01
,,,,,,,4.02,56.59,0.00
,,,,,,,4.03,54.61,-0.03
,,,,,,,4.03,54.00,-0.01
,,,,,,,4.04,53.13,-0.02
,,,,,,,4.04,53.08,0.00
,,,,,,,4.04,53.79,0.01
,,,,,,,4.05,52.71,-0.02
,,,,,,,4.05,53.44,0.01
,,,,,,,4.06,53.67,0.00
,,,,,,,4.06,54.61,0.02
,,,,,,,4.06,55.78,0.02
,,,,,,,4.07,55.56,0.00
,,,,,,,4.07,57.44,0.03
,,,,,,,4.08,56.84,-0.01
,,,,,,,4.08,57.43,0.01
,,,,,,,4.08,57.81,0.01
,,,,,,,4.09,57.50,-0.01
,,,,,,,4.09,57.00,-0.01
,,,,,,,4.10,56.20,-0.01
,,,,,,,4.10,55.54,-0.01
,,,,,,,4.10,55.69,0.00
,,,,,,,4.11,55.03,-0.01
,,,,,,,4.11,55.96,0.02
,,,,,,,4.12,56.39,0.01
,,,,,,,4.12,56.88,0.01
,,,,,,,4.12,56.36,-0.01
,,,,,,,4.13,55.66,-0.01
,,,,,,,4.13,56.18,0.01
,,,,,,,4.13,56.18,0.00
,,,,,,,4.14,55.12,-0.02
,,,,,,,4.14,55.41,0.01
,,,,,,,4.15,54.86,-0.01
,,,,,,,4.15,56.96,0.04
,,,,,,,4.15,58.02,0.02
,,,,,,,4.16,57.64,-0.01
,,,,,,,4.16,57.42,0.00
,,,,,,,4.17,57.09,-0.01
,,,,,,,4.17,57.98,0.02
,,,,,,,4.17,56.74,-0.02
,,,,,,,4.18,58.30,0.03
,,,,,,,4.18,58.40,0.00
,,,,,,,4.19,58.66,0.00
,,,,,,,4.19,57.63,-0.02
,,,,,,,4.19,58.18,0.01
,,,,,,,4.20,60.06,0.03
,,,,,,,4.20,62.47,0.04
,,,,,,,4.21,61.61,-0.01
,,,,,,,4.21,62.76,0.02
,,,,,,,4.21,62.12,-0.01
,,,,,,,4.22,61.90,0.00
,,,,,,,4.22,63.25,0.02
,,,,,,,4.23,62.38,-0.01
,,,,,,,4.23,61.88,-0.01
,,,,,,,4.23,61.25,-0.01
,,,,,,,4.24,60.97,0.00
,,,,,,,4.24,58.82,-0.04
,,,,,,,4.25,59.73,0.02
,,,,,,,4.25,59.78,0.00
,,,,,,,4.25,58.69,-0.02
,,,,,,,4.26,58.96,0.00
,,,,,,,4.26,60.03,0.02
,,,,,,,4.27,59.20,-0.01
,,,,,,,4.27,59.12,0.00
,,,,,,,4.27,59.50,0.01
,,,,,,,4.28,58.76,-0.01
,,,,,,,4.28,59.72,0.02
,,,,,,,4.29,60.20,0.01
,,,,,,,4.29,61.42,0.02
,,,,,,,4.29,60.45,-0.02
,,,,,,,4.30,61.49,0.02
,,,,,,,4.30,59.51,-0.03
,,,,,,,4.31,56.90,-0.04
,,,,,,,4.31,56.50,-0.01
,,,,,,,4.31,56.73,0.00
,,,,,,,4.32,58.24,0.03
,,,,,,,4.32,57.18,-0.02
,,,,,,,4.33,57.57,0.01
,,,,,,,4.33,57.77,0.00
,,,,,,,4.33,57.76,0.00
,,,,,,,4.34,58.32,0.01
,,,,,,,4.34,59.17,0.01
,,,,,,,4.35,58.70,-0.01
,,,,,,,4.35,58.18,-0.01
,,,,,,,4.35,58.28,0.00
,,,,,,,4.36,56.88,-0.02
,,,,,,,4.36,56.93,0.00
,,,,,,,4.37,57.40,0.01
,,,,,,,4.37,59.00,0.03
,,,,,,,4.37,58.36,-0.01
,,,,,,,4.38,60.75,0.04
,,,,,,,4.38,60.52,0.00
,,,,,,,4.38,61.09,0.01
,,,,,,,4.39,61.96,0.01
,,,,,,,4.39,60.95,-0.02
,,,,,,,4.40,61.16,0.00
,,,,,,,4.40,60.45,-0.01
,,,,,,,4.40,61.35,0.01
,,,,,,,4.41,61.37,0.00
,,,,,,,4.41,60.38,-0.02
,,,,,,,4.42,60.18,0.00
,,,,,,,4.42,57.84,-0.04
,,,,,,,4.42,57.52,-0.01
,,,,,,,4.43,56.82,-0.01
,,,,,,,4.43,56.37,-0.01
,,,,,,,4.44,56.81,0.01
,,,,,,,4.44,54.75,-0.04
,,,,,,,4.44,55.61,0.02
,,,,,,,4.45,56.53,0.02
,,,,,,,4.45,56.89,0.01
,,,,,,,4.46,57.51,0.01
,,,,,,,4.46,57.12,-0.01
,,,,,,,4.46,56.86,0.00
,,,,,,,4.47,56.92,0.00
,,,,,,,4.47,56.58,-0.01
,,,,,,,4.48,56.85,0.00
,,,,,,,4.48,56.62,0.00
,,,,,,,4.48,56.41,0.00
,,,,,,,4.49,58.26,0.03
,,,,,,,4.49,58.49,0.00
,,,,,,,4.50,59.32,0.01
,,,,,,,4.50,59.14,0.00
,,,,,,,4.50,58.86,0.00
,,,,,,,4.51,59.43,0.01
,,,,,,,4.51,60.04,0.01
,,,,,,,4.52,61.17,0.02
,,,,,,,4.52,62.36,0.02
,,,,,,,4.52,61.45,-0.01
,,,,,,,4.53,62.24,0.01
,,,,,,,4.53,61.81,-0.01
,,,,,,,4.54,60.84,-0.02
,,,,,,,4.54,61.24,0.01
,,,,,,,4.54,61.21,0.00
,,,,,,,4.55,61.12,0.00
,,,,,,,4.55,61.23,0.00
,,,,,,,4.56,61.00,0.00
,,,,,,,4.56,60.89,0.00
,,,,,,,4.56,59.32,-0.03
,,,,,,,4.57,60.20,0.01
,,,,,,,4.57,60.27,0.00
,,,,,,,4.58,60.30,0.00
,,,,,,,4.58,60.62,0.01
,,,,,,,4.58,61.21,0.01
,,,,,,,4.59,61.92,0.01
,,,,,,,4.59,62.18,0.00
,,,,,,,4.60,61.91,0.00
,,,,,,,4.60,61.56,-0.01
,,,,,,,4.60,62.19,0.01
,,,,,,,4.61,63.74,0.02
,,,,,,,4.61,65.21,0.02
,,,,,,,4.62,64.60,-0.01
,,,,,,,4.62,66.99,0.04
,,,,,,,4.62,68.18,0.02
,,,,,,,4.63,68.76,0.01
,,,,,,,4.63,68.71,0.00
,,,,,,,4.63,69.43,0.01
,,,,,,,4.64,68.90,-0.01
,,,,,,,4.64,68.50,-0.01
,,,,,,,4.65,67.74,-0.01
,,,,,,,4.65,67.01,-0.01
,,,,,,,4.65,67.63,0.01
,,,,,,,4.66,67.57,0.00
,,,,,,,4.66,66.88,-0.01
,,,,,,,4.67,68.21,0.02
,,,,,,,4.67,70.02,0.03
,,,,,,,4.67,70.57,0.01
,,,,,,,4.68,69.47,-0.02
,,,,,,,4.68,68.56,-0.01
,,,,,,,4.69,69.41,0.01
,,,,,,,4.69,69.80,0.01
,,,,,,,4.69,67.29,-0.04
,,,,,,,4.70,67.86,0.01
,,,,,,,4.70,66.78,-0.02
,,,,,,,4.71,66.80,0.00
,,,,,,,4.71,67.70,0.01
,,,,,,,4.71,66.10,-0.02
,,,,,,,4.72,67.03,0.01
,,,,,,,4.72,66.91,0.00
,,,,,,,4.73,67.42,0.01
,,,,,,,4.73,67.69,0.00
,,,,,,,4.73,66.33,-0.02
,,,,,,,4.74,66.06,0.00
,,,,,,,4.74,64.91,-0.02
,,,,,,,4.75,65.16,0.00
,,,,,,,4.75,66.27,0.02
,,,,,,,4.75,64.62,-0.02
,,,,,,,4.76,65.72,0.02
,,,,,,,4.76,63.97,-0.03
,,,,,,,4.77,62.82,-0.02
,,,,,,,4.77,60.89,-0.03
,,,,,,,4.77,58.28,-0.04
,,,,,,,4.78,60.19,0.03
,,,,,,,4.78,58.55,-0.03
,,,,,,,4.79,58.77,0.00
,,,,,,,4.79,59.77,0.02
,,,,,,,4.79,59.73,0.00
,,,,,,,4.80,59.96,0.00
,,,,,,,4.80,58.87,-0.02
,,,,,,,4.81,57.27,-0.03
,,,,,,,4.81,57.74,0.01
,,,,,,,4.81,57.07,-0.01
,,,,,,,4.82,56.31,-0.01
,,,,,,,4.82,55.58,-0.01
,,,,,,,4.83,55.17,-0.01
,,,,,,,4.83,54.99,0.00
,,,,,,,4.83,54.47,-0.01
,,,,,,,4.84,54.37,0.00
,,,,,,,4.84,53.09,-0.02
,,,,,,,4.85,53.74,0.01
,,,,,,,4.85,53.39,-0.01
,,,,,,,4.85,52.62,-0.01
,,,,,,,4.86,52.63,0.00
,,,,,,,4.86,51.70,-0.02
,,,,,,,4.87,52.63,0.02
,,,,,,,4.87,53.97,0.03
,,,,,,,4.87,52.81,-0.02
,,,,,,,4.88,53.50,0.01
,,,,,,,4.88,54.95,0.03
,,,,,,,4.88,55.39,0.01
,,,,,,,4.89,53.84,-0.03
,,,,,,,4.89,53.41,-0.01
,,,,,,,4.90,53.60,0.00
,,,,,,,4.90,53.86,0.00
,,,,,,,4.90,54.99,0.02
,,,,,,,4.91,55.80,0.01
,,,,,,,4.91,55.81,0.00
,,,,,,,4.92,55.33,-0.01
,,,,,,,4.92,55.90,0.01
,,,,,,,4.92,56.09,0.00
,,,,,,,4.93,56.63,0.01
,,,,,,,4.93,57.70,0.02
,,,,,,,4.94,57.55,0.00
,,,,,,,4.94,56.05,-0.03
,,,,,,,4.94,57.11,0.02
,,,,,,,4.95,56.73,-0.01
,,,,,,,4.95,56.14,-0.01
,,,,,,,4.96,55.62,-0.01
,,,,,,,4.96,56.03,0.01
,,,,,,,4.96,56.75,0.01
,,,,,,,4.97,56.73,0.00
,,,,,,,4.97,56.96,0.00
,,,,,,,4.98,58.16,0.02
,,,,,,,4.98,58.02,0.00
,,,,,,,4.98,59.15,0.02
,,,,,,,4.99,59.66,0.01
,,,,,,,4.99,60.95,0.02
,,,,,,,5.00,59.89,-0.02
,,,,,,,5.00,60.14,0.00
,,,,,,,5.00,59.25,-0.01
,,,,,,,5.01,60.34,0.02
,,,,,,,5.01,61.04,0.01
,,,,,,,5.02,61.22,0.00
,,,,,,,5.02,60.21,-0.02
,,,,,,,5.02,60.29,0.00
,,,,,,,5.03,60.19,0.00
,,,,,,,5.03,59.21,-0.02
,,,,,,,5.04,58.14,-0.02
,,,,,,,5.04,56.98,-0.02
,,,,,,,5.04,57.15,0.00
,,,,,,,5.05,57.68,0.01
,,,,,,,5.05,57.17,-0.01
,,,,,,,5.06,56.87,-0.01
,,,,,,,5.06,56.89,0.00
,,,,,,,5.06,56.07,-0.01
,,,,,,,5.07,56.90,0.01
,,,,,,,5.07,56.63,0.00
,,,,,,,5.08,56.73,0.00
,,,,,,,5.08,55.89,-0.01
,,,,,,,5.08,57.63,0.03
,,,,,,,5.09,58.62,0.02
,,,,,,,5.09,57.77,-0.01
,,,,,,,5.10,57.07,-0.01
,,,,,,,5.10,56.21,-0.02
,,,,,,,5.10,56.26,0.00
,,,,,,,5.11,56.54,0.01
,,,,,,,5.11,57.15,0.01
,,,,,,,5.12,57.41,0.00
,,,,,,,5.12,58.43,0.02
,,,,,,,5.12,58.34,0.00
,,,,,,,5.13,58.22,0.00
,,,,,,,5.13,58.12,0.00
,,,,,,,5.13,58.07,0.00
,,,,,,,5.14,60.44,0.04
,,,,,,,5.14,61.53,0.02
,,,,,,,5.15,61.95,0.01
,,,,,,,5.15,62.24,0.00
,,,,,,,5.15,64.67,0.04
,,,,,,,5.16,66.67,0.03
,,,,,,,5.16,65.76,-0.01
,,,,,,,5.17,64.71,-0.02
,,,,,,,5.17,65.29,0.01
,,,,,,,5.17,64.36,-0.01
,,,,,,,5.18,64.05,0.00
,,,,,,,5.18,64.21,0.00
,,,,,,,5.19,64.94,0.01
,,,,,,,5.19,66.28,0.02
,,,,,,,5.19,65.78,-0.01
,,,,,,,5.20,65.82,0.00
,,,,,,,5.20,64.18,-0.02
,,,,,,,5.21,63.77,-0.01
,,,,,,,5.21,65.47,0.03
,,,,,,,5.21,65.91,0.01
,,,,,,,5.22,65.98,0.00
,,,,,,,5.22,67.10,0.02
,,,,,,,5.23,66.69,-0.01
,,,,,,,5.23,68.58,0.03
,,,,,,,5.23,69.83,0.02
,,,,,,,5.24,70.41,0.01
,,,,,,,5.24,69.69,-0.01
,,,,,,,5.25,70.79,0.02
,,,,,,,5.25,69.03,-0.02
,,,,,,,5.25,67.86,-0.02
,,,,,,,5.26,69.38,0.02
,,,,,,,5.26,67.73,-0.02
,,,,,,,5.27,67.13,-0.01
,,,,,,,5.27,67.71,0.01
,,,,,,,5.27,67.47,0.00
,,,,,,,5.28,69.06,0.02
,,,,,,,5.28,69.36,0.00
,,,,,,,5.29,69.94,0.01
,,,,,,,5.29,70.51,0.01
,,,,,,,5.29,69.49,-0.01
,,,,,,,5.30,68.55,-0.01
,,,,,,,5.30,68.50,0.00
,,,,,,,5.31,70.22,0.03
,,,,,,,5.31,71.84,0.02
,,,,,,,5.31,70.81,-0.01
,,,,,,,5.32,69.95,-0.01
,,,,,,,5.32,72.41,0.04
,,,,,,,5.33,72.17,0.00
,,,,,,,5.33,71.42,-0.01
,,,,,,,5.33,70.34,-0.02
,,,,,,,5.34,69.11,-0.02
,,,,,,,5.34,69.97,0.01
,,,,,,,5.35,69.79,0.00
,,,,,,,5.35,70.36,0.01
,,,,,,,5.35,70.29,0.00
,,,,,,,5.36,69.17,-0.02
,,,,,,,5.36,69.36,0.00
,,,,,,,5.37,71.15,0.03
,,,,,,,5.37,69.11,-0.03
,,,,,,,5.37,69.11,0.00
,,,,,,,5.38,70.98,0.03
,,,,,,,5.38,71.24,0.00
,,,,,,,5.38,72.17,0.01
,,,,,,,5.39,72.38,0.00
,,,,,,,5.39,73.82,0.02
,,,,,,,5.40,72.14,-0.02
,,,,,,,5.40,73.62,0.02
,,,,,,,5.40,72.61,-0.01
,,,,,,,5.41,71.88,-0.01
,,,,,,,5.41,72.04,0.00
,,,,,,,5.42,71.07,-0.01
,,,,,,,5.42,70.69,-0.01
,,,,,,,5.42,68.82,-0.03
,,,,,,,5.43,69.72,0.01
,,,,,,,5.43,69.02,-0.01
,,,,,,,5.44,68.58,-0.01
,,,,,,,5.44,68.36,0.00
,,,,,,,5.44,68.40,0.00
,,,,,,,5.45,66.77,-0.02
,,,,,,,5.45,65.73,-0.02
,,,,,,,5.46,65.45,0.00
,,,,,,,5.46,65.05,-0.01
,,,,,,,5.46,66.62,0.02
,,,,,,,5.47,64.69,-0.03
,,,,,,,5.47,64.54,0.00
,,,,,,,5.48,64.81,0.00
,,,,,,,5.48,64.66,0.00
,,,,,,,5.48,65.52,0.01
,,,,,,,5.49,64.97,-0.01
,,,,,,,5.49,65.33,0.01
,,,,,,,5.50,65.19,0.00
,,,,,,,5.50,63.76,-0.02
,,,,,,,5.50,63.50,0.00
,,,,,,,5.51,63.23,0.00
,,,,,,,5.51,64.39,0.02
,,,,,,,5.52,65.36,0.02
,,,,,,,5.52,65.60,0.00
,,,,,,,5.52,65.50,0.00
,,,,,,,5.53,64.64,-0.01
,,,,,,,5.53,63.05,-0.02
,,,,,,,5.54,63.80,0.01
,,,,,,,5.54,64.40,0.01
,,,,,,,5.54,64.33,0.00
,,,,,,,5.55,64.61,0.00
,,,,,,,5.55,64.71,0.00
,,,,,,,5.56,65.02,0.00
,,,,,,,5.56,64.43,-0.01
,,,,,,,5.56,63.70,-0.01
,,,,,,,5.57,64.86,0.02
,,,,,,,5.57,64.08,-0.01
,,,,,,,5.58,65.03,0.01
,,,,,,,5.58,65.14,0.00
,,,,,,,5.58,67.09,0.03
,,,,,,,5.59,66.77,0.00
,,,,,,,5.59,67.04,0.00
,,,,,,,5.60,66.84,0.00
,,,,,,,5.60,65.84,-0.02
,,,,,,,5.60,66.35,0.01
,,,,,,,5.61,67.07,0.01
,,,,,,,5.61,67.46,0.01
,,,,,,,5.62,68.67,0.02
,,,,,,,5.62,68.51,0.00
,,,,,,,5.62,71.02,0.04
,,,,,,,5.63,69.83,-0.02
,,,,,,,5.63,68.36,-0.02
,,,,,,,5.63,69.32,0.01
,,,,,,,5.64,70.41,0.02
,,,,,,,5.64,71.37,0.01
,,,,,,,5.65,70.38,-0.01
,,,,,,,5.65,70.24,0.00
,,,,,,,5.65,69.76,-0.01
,,,,,,,5.66,69.13,-0.01
,,,,,,,5.66,69.89,0.01
,,,,,,,5.67,71.97,0.03
,,,,,,,5.67,72.87,0.01
,,,,,,,5.67,71.74,-0.02
,,,,,,,5.68,73.04,0.02
,,,,,,,5.68,75.26,0.03
,,,,,,,5.69,73.96,-0.02
,,,,,,,5.69,74.01,0.00
,,,,,,,5.69,73.32,-0.01
,,,,,,,5.70,73.23,0.00
,,,,,,,5.70,72.56,-0.01
,,,,,,,5.71,72.27,0.00
,,,,,,,5.71,73.28,0.01
,,,,,,,5.71,71.87,-0.02
,,,,,,,5.72,72.91,0.01
,,,,,,,5.72,73.72,0.01
,,,,,,,5.73,72.30,-0.02
,,,,,,,5.73,71.19,-0.02
,,,,,,,5.73,71.88,0.01
,,,,,,,5.74,72.45,0.01
,,,,,,,5.74,72.71,0.00
,,,,,,,5.75,72.55,0.00
,,,,,,,5.75,73.61,0.01
,,,,,,,5.75,73.95,0.00
,,,,,,,5.76,75.07,0.02
,,,,,,,5.76,74.04,-0.01
,,,,,,,5.77,73.89,0.00
,,,,,,,5.77,73.19,-0.01
,,,,,,,5.77,72.48,-0.01
,,,,,,,5.78,75.61,0.04
,,,,,,,5.78,75.01,-0.01
,,,,,,,5.79,73.00,-0.03
,,,,,,,5.79,72.70,0.00
,,,,,,,5.79,73.30,0.01
,,,,,,,5.80,69.22,-0.06
,,,,,,,5.80,69.34,0.00
,,,,,,,5.81,68.51,-0.01
,,,,,,,5.81,67.28,-0.02
,,,,,,,5.81,68.44,0.02
,,,,,,,5.82,68.85,0.01
,,,,,,,5.82,69.35,0.01
,,,,,,,5.83,68.93,-0.01
,,,,,,,5.83,68.07,-0.01
,,,,,,,5.83,68.99,0.01
,,,,,,,5.84,69.13,0.00
,,,,,,,5.84,69.08,0.00
,,,,,,,5.85,66.62,-0.04
,,,,,,,5.85,68.42,0.03
,,,,,,,5.85,68.36,0.00
,,,,,,,5.86,68.06,0.00
,,,,,,,5.86,68.05,0.00
,,,,,,,5.87,68.19,0.00
,,,,,,,5.87,67.68,-0.01
,,,,,,,5.87,65.57,-0.03
,,,,,,,5.88,64.89,-0.01
,,,,,,,5.88,64.03,-0.01
,,,,,,,5.88,64.08,0.00
,,,,,,,5.89,63.51,-0.01
,,,,,,,5.89,62.46,-0.02
,,,,,,,5.90,60.14,-0.04
,,,,,,,5.90,60.04,0.00
,,,,,,,5.90,59.93,0.00
,,,,,,,5.91,60.89,0.02
,,,,,,,5.91,60.55,-0.01
,,,,,,,5.92,59.34,-0.02
,,,,,,,5.92,61.19,0.03
,,,,,,,5.92,61.99,0.01
,,,,,,,5.93,63.40,0.02
,,,,,,,5.93,64.57,0.02
,,,,,,,5.94,64.24,-0.01
,,,,,,,5.94,64.28,0.00
,,,,,,,5.94,64.08,0.00
,,,,,,,5.95,62.09,-0.03
,,,,,,,5.95,62.94,0.01
,,,,,,,5.96,60.55,-0.04
,,,,,,,5.96,59.65,-0.01
,,,,,,,5.96,58.77,-0.01
,,,,,,,5.97,57.66,-0.02
,,,,,,,5.97,58.01,0.01
,,,,,,,5.98,58.70,0.01
,,,,,,,5.98,59.63,0.02
,,,,,,,5.98,59.26,-0.01
,,,,,,,5.99,60.65,0.02
,,,,,,,5.99,61.15,0.01
,,,,,,,6.00,61.05,0.00
,,,,,,,6.00,59.94,-0.02
,,,,,,,6.00,60.60,0.01
,,,,,,,6.01,59.62,-0.02
,,,,,,,6.01,60.75,0.02
,,,,,,,6.02,63.43,0.04
,,,,,,,6.02,62.86,-0.01
,,,,,,,6.02,63.19,0.01
,,,,,,,6.03,62.12,-0.02
,,,,,,,6.03,62.46,0.01
,,,,,,,6.04,63.42,0.02
,,,,,,,6.04,61.96,-0.02
,,,,,,,6.04,61.99,0.00
,,,,,,,6.05,62.46,0.01
,,,,,,,6.05,61.47,-0.02
,,,,,,,6.06,61.20,0.00
,,,,,,,6.06,60.14,-0.02
,,,,,,,6.06,60.48,0.01
,,,,,,,6.07,61.65,0.02
,,,,,,,6.07,61.71,0.00
,,,,,,,6.08,59.82,-0.03
,,,,,,,6.08,60.04,0.00
,,,,,,,6.08,60.63,0.01
,,,,,,,6.09,59.17,-0.02
,,,,,,,6.09,58.08,-0.02
,,,,,,,6.10,58.50,0.01
,,,,,,,6.10,58.73,0.00
,,,,,,,6.10,60.05,0.02
,,,,,,,6.11,59.45,-0.01
,,,,,,,6.11,59.95,0.01
,,,,,,,6.12,60.07,0.00
,,,,,,,6.12,57.87,-0.04
,,,,,,,6.12,56.32,-0.03
,,,,,,,6.13,55.97,-0.01
,,,,,,,6.13,54.19,-0.03
,,,,,,,6.13,54.31,0.00
,,,,,,,6.14,55.98,0.03
,,,,,,,6.14,54.73,-0.02
,,,,,,,6.15,54.65,0.00
,,,,,,,6.15,54.44,0.00
,,,,,,,6.15,53.08,-0.02
,,,,,,,6.16,53.05,0.00
,,,,,,,6.16,51.85,-0.02
,,,,,,,6.17,51.77,0.00
,,,,,,,6.17,50.11,-0.03
,,,,,,,6.17,48.79,-0.03
,,,,,,,6.18,48.30,-0.01
,,,,,,,6.18,48.41,0.00
,,,,,,,6.19,48.91,0.01
,,,,,,,6.19,49.05,0.00
,,,,,,,6.19,49.31,0.01
,,,,,,,6.20,48.53,-0.02
,,,,,,,6.20,48.47,0.00
,,,,,,,6.21,49.76,0.03
,,,,,,,6.21,50.12,0.01
,,,,,,,6.21,48.86,-0.03
,,,,,,,6.22,49.31,0.01
,,,,,,,6.22,50.41,0.02
,,,,,,,6.23,49.08,-0.03
,,,,,,,6.23,48.66,-0.01
,,,,,,,6.23,49.06,0.01
,,,,,,,6.24,47.90,-0.02
,,,,,,,6.24,48.69,0.02
,,,,,,,6.25,48.64,0.00
,,,,,,,6.25,48.33,-0.01
,,,,,,,6.25,48.60,0.01
,,,,,,,6.26,48.21,-0.01
,,,,,,,6.26,47.00,-0.03
,,,,,,,6.27,46.63,-0.01
,,,,,,,6.27,45.97,-0.01
,,,,,,,6.27,46.00,0.00
,,,,,,,6.28,45.46,-0.01
,,,,,,,6.28,45.24,0.00
,,,,,,,6.29,45.05,0.00
,,,,,,,6.29,44.46,-0.01
,,,,,,,6.29,45.02,0.01
,,,,,,,6.30,44.08,-0.02
,,,,,,,6.30,44.58,0.01
,,,,,,,6.31,45.30,0.02
,,,,,,,6.31,46.15,0.02
,,,,,,,6.31,45.90,-0.01
,,,,,,,6.32,46.34,0.01
,,,,,,,6.32,45.88,-0.01
,,,,,,,6.33,45.54,-0.01
,,,,,,,6.33,45.76,0.00
,,,,,,,6.33,45.92,0.00
,,,,,,,6.34,46.75,0.02
,,,,,,,6.34,45.85,-0.02
,,,,,,,6.35,45.11,-0.02
,,,,,,,6.35,43.96,-0.03
,,,,,,,6.35,44.25,0.01
,,,,,,,6.36,44.22,0.00
,,,,,,,6.36,44.71,0.01
,,,,,,,6.37,44.01,-0.02
,,,,,,,6.37,44.68,0.02
,,,,,,,6.37,45.27,0.01
,,,,,,,6.38,44.54,-0.02
,,,,,,,6.38,44.55,0.00
,,,,,,,6.38,45.04,0.01
,,,,,,,6.39,45.02,0.00
,,,,,,,6.39,44.35,-0.01
,,,,,,,6.40,43.71,-0.01
,,,,,,,6.40,42.58,-0.03
,,,,,,,6.40,42.55,0.00
,,,,,,,6.41,42.83,0.01
,,,,,,,6.41,43.51,0.02
,,,,,,,6.42,43.05,-0.01
,,,,,,,6.42,42.54,-0.01
,,,,,,,6.42,43.51,0.02
,,,,,,,6.43,43.36,0.00
,,,,,,,6.43,43.40,0.00
,,,,,,,6.44,43.55,0.00
,,,,,,,6.44,42.47,-0.02
,,,,,,,6.44,42.81,0.01
,,,,,,,6.45,41.75,-0.02
,,,,,,,6.45,41.62,0.00
,,,,,,,6.46,42.52,0.02
,,,,,,,6.46,41.49,-0.02
,,,,,,,6.46,40.95,-0.01
,,,,,,,6.47,41.35,0.01
,,,,,,,6.47,40.93,-0.01
,,,,,,,6.48,40.94,0.00
,,,,,,,6.48,39.80,-0.03
,,,,,,,6.48,38.70,-0.03
,,,,,,,6.49,39.35,0.02
,,,,,,,6.49,40.63,0.03
,,,,,,,6.50,40.67,0.00
,,,,,,,6.50,40.69,0.00
,,,,,,,6.50,40.82,0.00
,,,,,,,6.51,41.29,0.01
,,,,,,,6.51,39.75,-0.04
,,,,,,,6.52,39.46,-0.01
,,,,,,,6.52,37.98,-0.04
,,,,,,,6.52,38.16,0.00
,,,,,,,6.53,37.24,-0.02
,,,,,,,6.53,36.53,-0.02
,,,,,,,6.54,37.40,0.02
,,,,,,,6.54,36.92,-0.01
,,,,,,,6.54,37.35,0.01
,,,,,,,6.55,37.60,0.01
,,,,,,,6.55,37.54,0.00
,,,,,,,6.56,37.77,0.01
,,,,,,,6.56,39.29,0.04
,,,,,,,6.56,39.57,0.01
,,,,,,,6.57,39.39,0.00
,,,,,,,6.57,39.09,-0.01
,,,,,,,6.58,37.36,-0.04
,,,,,,,6.58,36.54,-0.02
,,,,,,,6.58,36.09,-0.01
,,,,,,,6.59,36.27,0.01
,,,,,,,6.59,35.67,-0.02
,,,,,,,6.60,35.43,-0.01
,,,,,,,6.60,36.15,0.02
,,,,,,,6.60,35.97,0.00
,,,,,,,6.61,35.87,0.00
,,,,,,,6.61,37.19,0.04
,,,,,,,6.62,37.13,0.00
,,,,,,,6.62,37.05,0.00
,,,,,,,6.62,36.56,-0.01
,,,,,,,6.63,37.00,0.01
,,,,,,,6.63,38.15,0.03
,,,,,,,6.63,38.44,0.01
,,,,,,,6.64,38.56,0.00
,,,,,,,6.64,37.29,-0.03
,,,,,,,6.65,37.65,0.01
,,,,,,,6.65,37.50,0.00
,,,,,,,6.65,37.22,-0.01
,,,,,,,6.66,37.62,0.01
,,,,,,,6.66,37.34,-0.01
,,,,,,,6.67,37.18,0.00
,,,,,,,6.67,37.43,0.01
,,,,,,,6.67,36.88,-0.01
,,,,,,,6.68,37.77,0.02
,,,,,,,6.68,39.12,0.04
,,,,,,,6.69,38.45,-0.02
,,,,,,,6.69,39.11,0.02
,,,,,,,6.69,38.62,-0.01
,,,,,,,6.70,38.59,0.00
,,,,,,,6.70,39.41,0.02
,,,,,,,6.71,38.66,-0.02
,,,,,,,6.71,39.35,0.02
,,,,,,,6.71,39.11,-0.01
,,,,,,,6.72,39.40,0.01
,,,,,,,6.72,39.55,0.00
,,,,,,,6.73,39.44,0.00
,,,,,,,6.73,38.96,-0.01
,,,,,,,6.73,38.68,-0.01
,,,,,,,6.74,38.52,0.00
,,,,,,,6.74,39.35,0.02
,,,,,,,6.75,40.17,0.02
,,,,,,,6.75,40.92,0.02
,,,,,,,6.75,41.01,0.00
,,,,,,,6.76,41.20,0.00
,,,,,,,6.76,40.61,-0.01
,,,,,,,6.77,40.22,-0.01
,,,,,,,6.77,40.23,0.00
,,,,,,,6.77,40.51,0.01
,,,,,,,6.78,41.33,0.02
,,,,,,,6.78,41.52,0.00
,,,,,,,6.79,40.50,-0.02
,,,,,,,6.79,40.60,0.00
,,,,,,,6.79,40.35,-0.01
,,,,,,,6.80,39.85,-0.01
,,,,,,,6.80,40.64,0.02
,,,,,,,6.81,41.40,0.02
,,,,,,,6.81,43.15,0.04
,,,,,,,6.81,43.06,0.00
,,,,,,,6.82,43.19,0.00
,,,,,,,6.82,43.31,0.00
,,,,,,,6.83,42.84,-0.01
,,,,,,,6.83,42.97,0.00
,,,,,,,6.83,43.79,0.02
,,,,,,,6.84,43.36,-0.01
,,,,,,,6.84,42.88,-0.01
,,,,,,,6.85,41.62,-0.03
,,,,,,,6.85,41.52,0.00
,,,,,,,6.85,40.25,-0.03
,,,,,,,6.86,40.48,0.01
,,,,,,,6.86,39.51,-0.02
,,,,,,,6.87,39.61,0.00
,,,,,,,6.87,39.96,0.01
,,,,,,,6.87,39.95,0.00
,,,,,,,6.88,38.82,-0.03
,,,,,,,6.88,38.43,-0.01
,,,,,,,6.88,38.55,0.00
,,,,,,,6.89,38.98,0.01
,,,,,,,6.89,39.81,0.02
,,,,,,,6.90,40.05,0.01
,,,,,,,6.90,39.54,-0.01
,,,,,,,6.90,39.50,0.00
,,,,,,,6.91,39.07,-0.01
,,,,,,,6.91,38.75,-0.01
,,,,,,,6.92,38.24,-0.01
,,,,,,,6.92,38.48,0.01
,,,,,,,6.92,38.02,-0.01
,,,,,,,6.93,39.36,0.04
,,,,,,,6.93,38.43,-0.02
,,,,,,,6.94,38.21,-0.01
,,,,,,,6.94,38.30,0.00
,,,,,,,6.94,37.80,-0.01
,,,,,,,6.95,37.68,0.00
,,,,,,,6.95,37.53,0.00
,,,,,,,6.96,37.37,0.00
,,,,,,,6.96,36.36,-0.03
,,,,,,,6.96,35.87,-0.01
,,,,,,,6.97,34.58,-0.04
,,,,,,,6.97,34.25,-0.01
,,,,,,,6.98,34.33,0.00
,,,,,,,6.98,33.99,-0.01
,,,,,,,6.98,34.39,0.01
,,,,,,,6.99,34.89,0.01
,,,,,,,6.99,35.14,0.01
,,,,,,,7.00,34.32,-0.02
,,,,,,,7.00,34.41,0.00
,,,,,,,7.00,33.93,-0.01
,,,,,,,7.01,34.14,0.01
,,,,,,,7.01,34.69,0.02
,,,,,,,7.02,34.30,-0.01
,,,,,,,7.02,33.64,-0.02
,,,,,,,7.02,34.07,0.01
,,,,,,,7.03,34.15,0.00
,,,,,,,7.03,33.13,-0.03
,,,,,,,7.04,32.79,-0.01
,,,,,,,7.04,33.29,0.02
,,,,,,,7.04,33.25,0.00
,,,,,,,7.05,33.75,0.02
,,,,,,,7.05,34.05,0.01
,,,,,,,7.06,34.44,0.01
,,,,,,,7.06,34.14,-0.01
,,,,,,,7.06,34.84,0.02
,,,,,,,7.07,33.86,-0.03
,,,,,,,7.07,33.45,-0.01
,,,,,,,7.08,33.00,-0.01
,,,,,,,7.08,33.81,0.02
,,,,,,,7.08,33.59,-0.01
,,,,,,,7.09,32.60,-0.03
,,,,,,,7.09,32.57,0.00
,,,,,,,7.10,33.17,0.02
,,,,,,,7.10,33.35,0.01
,,,,,,,7.10,33.16,-0.01
,,,,,,,7.11,33.70,0.02
,,,,,,,7.11,33.85,0.00
,,,,,,,7.12,32.26,-0.05
,,,,,,,7.12,31.76,-0.02
,,,,,,,7.12,31.65,0.00
,,,,,,,7.13,30.67,-0.03
,,,,,,,7.13,30.55,0.00
,,,,,,,7.13,30.34,-0.01
,,,,,,,7.14,30.38,0.00
,,,,,,,7.14,29.77,-0.02
,,,,,,,7.15,29.63,0.00
,,,,,,,7.15,28.90,-0.02
,,,,,,,7.15,29.52,0.02
,,,,,,,7.16,29.26,-0.01
,,,,,,,7.16,29.54,0.01
,,,,,,,7.17,28.73,-0.03
,,,,,,,7.17,28.79,0.00
,,,,,,,7.17,28.66,0.00
,,,,,,,7.18,29.04,0.01
,,,,,,,7.18,29.28,0.01
,,,,,,,7.19,29.44,0.01
,,,,,,,7.19,29.51,0.00
,,,,,,,7.19,29.05,-0.02
,,,,,,,7.20,28.59,-0.02
,,,,,,,7.20,28.76,0.01
,,,,,,,7.21,28.80,0.00
,,,,,,,7.21,28.54,-0.01
,,,,,,,7.21,28.62,0.00
,,,,,,,7.22,28.38,-0.01
,,,,,,,7.22,28.74,0.01
,,,,,,,7.23,28.57,-0.01
,,,,,,,7.23,28.99,0.01
,,,,,,,7.23,28.82,-0.01
,,,,,,,7.24,28.28,-0.02
,,,,,,,7.24,29.14,0.03
,,,,,,,7.25,30.09,0.03
,,,,,,,7.25,30.42,0.01
,,,,,,,7.25,31.25,0.03
,,,,,,,7.26,30.87,-0.01
,,,,,,,7.26,30.96,0.00
,,,,,,,7.27,30.26,-0.02
,,,,,,,7.27,30.06,-0.01
,,,,,,,7.27,30.39,0.01
,,,,,,,7.28,30.07,-0.01
,,,,,,,7.28,30.78,0.02
,,,,,,,7.29,31.63,0.03
,,,,,,,7.29,32.78,0.04
,,,,,,,7.29,33.81,0.03
,,,,,,,7.30,33.56,-0.01
,,,,,,,7.30,33.67,0.00
,,,,,,,7.31,34.57,0.03
,,,,,,,7.31,34.76,0.01
,,,,,,,7.31,33.49,-0.04
,,,,,,,7.32,33.30,-0.01
,,,,,,,7.32,33.52,0.01
,,,,,,,7.33,33.84,0.01
,,,,,,,7.33,33.53,-0.01
,,,,,,,7.33,33.70,0.01
,,,,,,,7.34,33.72,0.00
,,,,,,,7.34,33.02,-0.02
,,,,,,,7.35,32.79,-0.01
,,,,,,,7.35,32.70,0.00
,,,,,,,7.35,32.84,0.00
,,,,,,,7.36,32.40,-0.01
,,,,,,,7.36,32.66,0.01
,,,,,,,7.37,32.30,-0.01
,,,,,,,7.37,32.07,-0.01
,,,,,,,7.37,31.96,0.00
,,,,,,,7.38,31.87,0.00
,,,,,,,7.38,30.92,-0.03
,,,,,,,7.38,30.87,0.00
,,,,,,,7.39,31.04,0.01
,,,,,,,7.39,31.24,0.01
,,,,,,,7.40,31.69,0.01
,,,,,,,7.40,31.02,-0.02
,,,,,,,7.40,30.62,-0.01
,,,,,,,7.41,31.10,0.02
,,,,,,,7.41,30.83,-0.01
,,,,,,,7.42,31.12,0.01
,,,,,,,7.42,32.07,0.03
,,,,,,,7.42,31.80,-0.01
,,,,,,,7.43,31.40,-0.01
,,,,,,,7.43,31.26,0.00
,,,,,,,7.44,31.05,-0.01
,,,,,,,7.44,31.43,0.01
,,,,,,,7.44,31.51,0.00
,,,,,,,7.45,31.12,-0.01
,,,,,,,7.45,30.36,-0.02
,,,,,,,7.46,29.87,-0.02
,,,,,,,7.46,30.75,0.03
,,,,,,,7.46,30.83,0.00
,,,,,,,7.47,31.89,0.03
,,,,,,,7.47,31.94,0.00
,,,,,,,7.48,32.63,0.02
,,,,,,,7.48,32.87,0.01
,,,,,,,7.48,33.60,0.02
,,,,,,,7.49,33.24,-0.01
,,,,,,,7.49,33.24,0.00
,,,,,,,7.50,32.23,-0.03
,,,,,,,7.50,32.01,-0.01
,,,,,,,7.50,32.49,0.02
,,,,,,,7.51,32.90,0.01
,,,,,,,7.51,31.87,-0.03
,,,,,,,7.52,32.34,0.01
,,,,,,,7.52,31.12,-0.04
,,,,,,,7.52,31.58,0.01
,,,,,,,7.53,31.92,0.01
,,,,,,,7.53,32.09,0.01
,,,,,,,7.54,31.29,-0.02
,,,,,,,7.54,30.83,-0.01
,,,,,,,7.54,31.15,0.01
,,,,,,,7.55,31.54,0.01
,,,,,,,7.55,31.09,-0.01
,,,,,,,7.56,31.48,0.01
,,,,,,,7.56,30.98,-0.02
,,,,,,,7.56,30.89,0.00
,,,,,,,7.57,29.87,-0.03
,,,,,,,7.57,29.67,-0.01
,,,,,,,7.58,29.32,-0.01
,,,,,,,7.58,30.16,0.03
,,,,,,,7.58,30.05,0.00
,,,,,,,7.59,30.43,0.01
,,,,,,,7.59,30.21,-0.01
,,,,,,,7.60,30.55,0.01
,,,,,,,7.60,30.03,-0.02
,,,,,,,7.60,29.70,-0.01
,,,,,,,7.61,29.85,0.00
,,,,,,,7.61,29.44,-0.01
,,,,,,,7.62,29.89,0.02
,,,,,,,7.62,30.48,0.02
,,,,,,,7.62,30.73,0.01
,,,,,,,7.63,30.71,0.00
,,,,,,,7.63,30.51,-0.01
,,,,,,,7.63,30.51,0.00
,,,,,,,7.64,30.33,-0.01
,,,,,,,7.64,30.95,0.02
,,,,,,,7.65,30.14,-0.03
,,,,,,,7.65,30.45,0.01
,,,,,,,7.65,31.09,0.02
,,,,,,,7.66,32.25,0.04
,,,,,,,7.66,32.18,0.00
,,,,,,,7.67,32.34,0.01
,,,,,,,7.67,32.57,0.01
,,,,,,,7.67,32.79,0.01
,,,,,,,7.68,31.86,-0.03
,,,,,,,7.68,32.12,0.01
,,,,,,,7.69,32.09,0.00
,,,,,,,7.69,31.95,0.00
,,,,,,,7.69,32.23,0.01
,,,,,,,7.70,32.20,0.00
,,,,,,,7.70,32.41,0.01
,,,,,,,7.71,32.81,0.01
,,,,,,,7.71,33.30,0.01
,,,,,,,7.71,33.53,0.01
,,,,,,,7.72,34.20,0.02
,,,,,,,7.72,33.41,-0.02
,,,,,,,7.73,33.72,0.01
,,,,,,,7.73,32.67,-0.03
,,,,,,,7.73,33.08,0.01
,,,,,,,7.74,32.58,-0.02
,,,,,,,7.74,32.24,-0.01
,,,,,,,7.75,32.31,0.00
,,,,,,,7.75,32.29,0.00
,,,,,,,7.75,31.62,-0.02
,,,,,,,7.76,31.48,0.00
,,,,,,,7.76,31.02,-0.01
,,,,,,,7.77,30.98,0.00
,,,,,,,7.77,30.80,-0.01
,,,,,,,7.77,30.56,-0.01
,,,,,,,7.78,30.70,0.00
,,,,,,,7.78,30.10,-0.02
,,,,,,,7.79,29.25,-0.03
,,,,,,,7.79,29.85,0.02
,,,,,,,7.79,30.29,0.01
,,,,,,,7.80,31.12,0.03
,,,,,,,7.80,30.93,-0.01
,,,,,,,7.81,31.36,0.01
,,,,,,,7.81,30.90,-0.01
,,,,,,,7.81,30.87,0.00
,,,,,,,7.82,31.17,0.01
,,,,,,,7.82,31.92,0.02
,,,,,,,7.83,31.33,-0.02
,,,,,,,7.83,31.18,0.00
,,,,,,,7.83,31.43,0.01
,,,,,,,7.84,31.09,-0.01
,,,,,,,7.84,31.06,0.00
,,,,,,,7.85,30.98,0.00
,,,,,,,7.85,31.02,0.00
,,,,,,,7.85,31.55,0.02
,,,,,,,7.86,31.45,0.00
,,,,,,,7.86,31.45,0.00
,,,,,,,7.87,31.84,0.01
,,,,,,,7.87,31.36,-0.01
,,,,,,,7.87,31.77,0.01
,,,,,,,7.88,30.92,-0.03
,,,,,,,7.88,30.37,-0.02
,,,,,,,7.88,30.53,0.01
,,,,,,,7.89,31.02,0.02
,,,,,,,7.89,31.17,0.00
,,,,,,,7.90,31.81,0.02
,,,,,,,7.90,33.10,0.04
,,,,,,,7.90,32.03,-0.03
,,,,,,,7.91,31.85,-0.01
,,,,,,,7.91,31.29,-0.02
,,,,,,,7.92,31.55,0.01
,,,,,,,7.92,33.13,0.05
,,,,,,,7.92,32.58,-0.02
,,,,,,,7.93,32.44,0.00
,,,,,,,7.93,32.64,0.01
,,,,,,,7.94,32.88,0.01
,,,,,,,,,
,,,,,,,,,
,,,,,,,,,
,,,,,,,,,
,,,,,,,,,
,,,,,,,,,
,,,,,,,,,
,,,,,,,,,
,,,,,,,,,
,,,,,,,,,
,,,,,,,,,
,,,,,,,,,
,,,,,,,,,
,,,,,,,,,
,,,,,,,,,
,,,,,,,,,
,,,,,,,,,
,,,,,,,,,
,,,,,,,,,
,,,,,,,,,
,,,,,,,,,
,,,,,,,,,
